{"mean": [3.9333438138657444, 1.6079232825027512, 5.096525703505738, 1.0, 0.0, 1.5631190064455274, 1.6299324005659488, 1296.7582141172772, 1.0, 30.114132997956297, 475.5670492060997, 21.527118377613583, 0.4733532463449143, 0.6741078446785097, 0.4239899386888854, 0.07577424933186606, 0.1590944819996856, 0.1256091809463921, 0.05580883508882251, 23.69423046690772, 28.108001886495835, 30.743750982549912, 1.86810249960698, 2.467222134884452, 1.3417701619242257, 46.20547083791857, 0.011476182990095897, 0.3457003615783682, 7.897814808992297, 0.6461248231410156, 2.7759786197138814, 1.817167112089294, 0.8860242100298695, 0.23455431535922025, 0.01980820625687785, 0.009589687156107531, 0.0622543625216161, 0.5429963842163182, 0.5708221977676466, 0.19540952680396165, 1.2156893570193366, 1.9904103128438924, 0.7621443169313001, 5.6326049363307655, 0.003930199654142431, 0.08882251218361893, 0.020594246187706337, 0.04637635591888068, 0.42163181889639995, 2.905989624272913, -77.08473510454331, 2.6227008332023267, -606.9952837604151, 1.2718126080804906, 1.2718126080804906, 0.28706178273856314, 558.6829114919038, 2.825499135356076, 8.694702090866215, 5.798930985694073, 0.32919352303097, 0.8391762301524918, 0.8792642666247446, 0.570664989781481, 0.9059896242729131, 0.43923911334695803, 0.159408897972017, 0.043389404181732434, 0.12592359691872348, 0.08772205628045905, 0.8515956610595818, 0.30278258135513286, 0.9992139600691715, 0.07247288162238642, 0.022480742021694703, 1.8500235811979249, 3.884294922182047, 0.9883666090237384, 118.4645066498978, 0.5216160980977834, 1.4010375727086937, 22.672850180789183, 3574.970580402384, 1.0084892312529476, 47.31410155635906, 65.52601792171042, 0.9223392548341456, 0.9976418802075145, 0.04291778022323534, 0.6654614054393964, 0.0, 1.971388146517843, 11.388482575918214, 0.6392076717497249, 99994.01619242257, 0.0, 516.457318031756, 0.2601792171042289, 1.969838463662206, 0.2681968243986795, 1.1273384687942147, 2020.0, 57.42351831473039, 0.7550699575538438, 0.001414871875491275, 47.33202326678195, 56.937745637478386, 2320.044804276057, 0.9306712781009275, 1.9196667190693286, 126.31535922024838, 1.8339883666090238, 0.08835088822512184, 0.7794371954095268, 1008096.9346014778], "scale": [2.442089461842986, 1.7039197007414202, 2.4001104759606675, 1.0, 1.0, 0.495999990952953, 1.7172777120436156, 629.0256887516327, 1.0, 16.18718684612708, 482.64718017118787, 5.8185578794265425, 0.4992894456321355, 0.4687072203640605, 0.4941886993644033, 0.26463656676668523, 0.36576416964614966, 0.3314083804136048, 0.2295521923547042, 11.322225078819104, 16.068341716512805, 8.04388132317497, 1.0427384946267342, 1.2665142921841732, 0.4743029815872069, 16.395503089431195, 0.1065104699739595, 0.4755960697724001, 11.498806043334948, 0.4781710322280166, 0.5114272751245086, 0.5050235536212996, 0.31778185799509573, 0.4237199411233648, 0.13934073783988238, 0.09745627253468869, 0.24161696312271477, 0.49814788059804366, 0.49495880263246184, 2.143496503647996, 4.169232386844702, 8.029074026117925, 4.387014114339584, 11.355210042818378, 0.17414274277344471, 1.4219081794246442, 1.124696829226284, 0.5247107100051808, 0.49382023874129877, 1.4133118441102372, 99272.51313150242, 1.3853775186968837, 100665.5187597673, 1.2987263542248324, 1.2987263542248324, 0.5778254756046364, 197.9879896730701, 1.3979066727054008, 11.2236773851102, 0.6784384182988082, 0.46992036285463124, 0.36736832321192847, 0.3258199135436548, 0.49498127158427235, 0.29184315133773286, 0.4962943830562021, 0.36605696444592345, 0.20373208825927913, 0.3317632358441398, 0.28289025632281334, 0.3555003391335592, 0.45946195683979674, 0.028025382638879864, 0.25926928674976907, 0.1482408791792895, 0.3570483057029955, 0.4175148745242304, 0.524983306352713, 38.006336286635126, 0.4995325257708721, 0.7595695783478539, 26.96950539455999, 1200.93464967058, 0.6772450343739985, 17.02827127147535, 39.279683825039335, 0.2676369814247251, 0.04850318611730313, 0.2026717650881479, 0.4718289131772445, 1.0, 1.702564377249928, 0.3892600176157079, 0.48023038650841415, 0.13347930124257337, 1.0, 430.7202573023432, 0.898075935572529, 0.8948764298128998, 0.935127018163822, 0.46659446822664136, 1.0, 9.206866757038506, 0.7064282505056996, 0.03758816320422187, 17.017892721222896, 10.48075130778061, 504.7330564739745, 0.2540123032825645, 0.7848139787267484, 11.532824247378503, 0.37209107886354437, 0.28380452564212905, 0.8417974332292468, 1585815.0654754867]}